Username,Radar,Construction,Tech,Hero,Mobilization,Buster
1Thành,"1,162,302","13,299,000","9,127,550","11,474,990","8,337,540","3,792,575"
A Aron 1,"7,445,849","8,033,150","8,429,150","9,604,500","17,838,570","7,704,162"
Alan Joshua,"9,350,426","8,842,950","10,586,250","16,457,575","20,970,660","7,953,584"
Alex Negan 88,"8,175,700","9,161,850","12,010,550","13,990,331","16,825,970","12,278,132"
Apocalypse37,"16,508,477","10,678,500","11,098,100","59,810,031","21,090,390","26,097,416"
B4D BOY,"14,482,251","8,825,200","9,705,050","29,619,953","23,308,720","12,062,986"
Bbarn,"7,270,865","7,229,350","7,276,800","7,712,072","7,455,560","7,202,945"
Bea trice,"12,250,456","8,999,250","8,956,250","14,971,612","8,915,660","7,970,862"
Bebe erik,"15,381,587","10,185,900","7,529,350","8,169,015","11,696,780","3,205,188"
Ben World,"14,541,846","7,230,500","9,467,650","13,385,408","9,247,140","6,907,769"
BETTONE,"14,752,056","7,766,950","8,660,850","8,863,438","43,217,720","8,614,930"
Big Dog Rip,"8,714,896","10,160,850","11,238,750","7,344,500","22,691,340","28,031,386"
Big Jerms,"2,370,000","8,764,850","9,250,000","11,635,101","7,357,620","1,667,180"
Bnk89,"11,512,297","7,894,800","10,440,300","8,133,210","12,266,430","14,125,300"
BridlingSpark94,"60,560,637","5,974,500","7,854,600","8,149,500","8,363,130","7,220,043"
Brightcobalion,"8,098,825","7,612,150","9,033,000","12,867,983","7,583,120","7,230,934"
Büţriş,"13,509,688","9,470,850","8,411,700","8,092,423","22,419,300","9,474,786"
Caro144,"12,696,026","9,666,350","10,362,750","14,939,500","10,219,690","10,696,693"
CGsky,"20,121,768","10,325,700","8,535,300","32,967,977","14,232,840","8,172,180"
Cidesan,"15,627,169","10,417,150","12,323,400","9,942,043","16,003,880","7,632,746"
CLR1996,"13,515,359","8,301,300","11,678,150","11,650,165","14,225,580","8,914,097"
Corcor Pika,"11,399,640","7,635,050","11,011,300","14,244,500","25,023,370","26,223,630"
Dan105,"10,698,433","9,355,750","19,584,250","11,830,303","21,335,110","9,662,060"
DangerHunter,"10,511,875","11,419,700","11,875,500","19,858,816","14,829,140","6,461,288"
DarwinBR,"12,731,515","9,102,750","20,251,350","19,172,833","10,200,420","9,689,077"
Don Haitham,"18,546,533","8,032,850","11,295,800","7,452,000","9,305,130","5,572,667"
Donkey Leg,"10,440,377","7,912,400","8,770,650","9,364,500","7,820,160","3,856,425"
Drop Kick Murp,"8,699,091","8,822,550","7,828,650","10,554,708","5,284,420","3,690,796"
EXTERMÎNAD,"15,461,230","12,240,150","16,587,250","27,373,223","11,524,040","8,229,897"
FabianoSp2,"8,359,908","10,150,500","9,393,750","10,001,908","26,447,950","12,274,217"
fauxsee,"10,677,169","9,045,800","8,521,200","13,828,891","6,131,990","7,558,846"
Fralda Cheia,"9,944,199","10,451,500","14,107,050","10,297,000","26,234,990","11,266,008"
FSU 69,"12,173,990","8,568,700","13,689,750","8,939,803","33,305,640","8,451,544"
GeneralPukka,"2,713,125","7,226,650","8,248,600","10,635,601","9,213,390","7,472,007"
GMuhney,0,0,"3,546,300","8,493,500","8,584,720","7,743,828"
Guilherme Della,"12,395,940","7,421,800","10,159,950","7,470,710","7,532,790","18,825,783"
i M Crosss,0,0,0,0,0,0
IC Ranjani,"13,059,621","7,891,450","16,744,400","17,853,740","10,618,460","9,768,635"
IkkiMinami,"9,549,880","5,007,750","7,581,050","6,409,043","15,902,290","3,815,461"
Iriss7,"10,067,166","7,940,850","9,260,250","9,441,388","9,316,520","7,928,005"
JayGeee,"12,292,501","7,986,300","10,616,350","15,296,252","9,705,030","4,124,850"
Jim455,"11,560,243","11,443,400","10,105,500","8,276,211","24,226,650","6,033,605"
JoeySnacks,"8,644,620","7,713,750","7,974,050","9,408,333","7,463,080","3,998,400"
Juli,"8,700,000","7,957,150","8,609,200","11,004,500","5,236,250","4,702,950"
Kenny 45,"30,640,357","15,985,550","16,371,250","36,442,344","20,817,180","9,719,809"
King Banner,"7,584,503","7,398,100","9,747,000","8,065,000","29,737,030","47,171,780"
King of Ants,"10,055,625","7,909,600","11,381,700","7,500,000","35,831,100","16,267,320"
laceyloulou,"8,745,938","5,029,500","8,416,350","10,695,408",0,"4,550,083"
Le0thELAzyLi0,"9,248,703","7,215,150","7,830,350","7,362,000","25,486,950","7,226,399"
Livmas,"8,406,000",0,0,"1,750,000",0,0
LoveYouuu,"8,216,875",0,"4,470,000","8,750,000","8,159,580","2,208,669"
Lt Col Get Some,"20,439,146","7,232,800","15,194,100","22,671,159","40,525,810","13,940,336"
luchador1,"19,634,422","7,473,500","5,771,250","8,754,500","9,945,350","7,456,773"
Lunitunn,"15,262,773","12,007,500","22,121,800","14,555,101","15,255,520","7,827,833"
Lwozin,"7,859,251","13,122,150","8,781,300","9,184,620","7,305,940","7,240,181"
Mack4477,"7,973,489","7,529,250","8,887,800","10,070,000","9,199,760","3,584,250"
MAD,"9,154,289","7,212,050","9,397,000","24,843,934","39,965,460","4,651,347"
Magnus2112,"11,867,478","7,453,650","23,257,220","14,943,200","13,537,250","15,594,103"
MARCIM,"22,215,001","8,058,550","11,748,850","8,224,500","8,923,130","9,616,268"
martu1991,"36,575,000","5,041,950","7,911,750","9,297,500","17,278,330","16,084,426"
MaWaLa,"24,607,153","7,492,000","12,777,400","7,814,500","47,972,250","18,355,384"
MFKN sekhi,"19,709,482","9,397,000","11,151,250","23,715,408","57,527,810","15,144,305"
MFKNdansir68,"11,921,601","9,593,100","8,009,600","10,012,423","10,864,250","9,117,113"
Mod Osborne,"20,178,534","9,757,950","27,155,000","22,336,741","48,648,230","10,496,082"
Napaleta,"24,383,299","12,168,650","30,100,750","13,959,240","9,946,690","11,189,432"
NO3J13,"14,392,847","8,021,050","12,600,300","9,960,000","14,859,720","13,870,534"
OnlyLoveNoH,"18,401,523","13,181,750","10,240,850","18,410,606","10,442,240","7,237,201"
OnlyPanz,"12,176,746","10,068,400","12,019,350","7,474,500","10,386,690","14,472,278"
OoO Sia OoO,"20,804,366","8,058,300","11,379,650","42,349,500","11,911,620","10,904,845"
PerfectShadow,"14,286,554","9,107,250","6,237,150","12,935,000","18,222,690","7,278,848"
Platosletap,"9,412,314","9,933,900","8,530,050","14,792,423","9,859,310","7,734,839"
Queen NagEm,"11,311,510","9,542,350","7,745,550","7,307,500","26,597,240","17,120,202"
Ragnar0230,"11,233,790","7,202,100","8,871,000","7,429,240","8,382,790","8,671,486"
Raphael lele,"9,613,198","9,924,250","8,672,700","11,692,526","13,532,020","8,724,279"
Raven2k,"9,366,029","10,984,650","12,023,550","8,958,303","21,146,840","4,513,500"
Red Catfish,"14,079,374","8,089,150","9,585,400","9,457,605","7,610,160","7,207,950"
RickNm,"15,609,284","7,974,350","7,520,700","21,173,934","9,959,820","10,012,364"
Ruzic,"15,107,010","9,989,800","4,428,000","11,563,586","10,698,910","7,207,950"
SAIKANO,"24,593,627","7,633,200","19,867,900","13,909,258","14,583,320","4,903,350"
Sakura neko,"12,185,470","8,649,050","9,777,900","7,387,833","5,469,750","5,980,200"
Samuraistang,"4,415,246","7,212,750","9,400,050","7,731,013","19,633,680","8,725,356"
sedeug,"14,905,791","12,791,400","15,531,750","7,570,408","10,817,670","9,334,834"
Sezzzzzzzzz,"12,255,411","8,684,050","8,417,800","14,318,026","3,573,400","10,074,447"
shameless af,"8,773,272","8,074,000","14,213,250","7,350,000","7,816,860","7,694,882"
Shopee88,"10,116,289","10,631,500","7,223,250","17,329,527","10,464,340","2,930,669"
Small D Ener,"7,901,251","7,255,500","7,259,550","7,201,466","7,660,180","5,311,045"
SmithersMN,"9,427,659","8,357,850","8,038,950","8,310,558","8,011,450","7,325,550"
Soundingstone,"29,315,075","10,610,800","14,458,250","20,717,500","27,114,290","7,757,833"
Sr Reatas,"10,220,099","7,821,800","7,045,450","14,443,105","11,637,200","8,040,851"
Swaggy lion,"17,320,735","10,606,050","17,155,750","22,038,736","22,117,220","6,255,990"
Swaggy Panda,"15,726,094","7,805,350","9,204,300","27,567,975","14,113,960","8,170,093"
TattedMech,"13,499,788","12,958,350","12,963,450","13,721,318","16,698,190","5,447,403"
The Booch,"15,630,346","8,041,500","9,728,100","7,718,043","8,653,160","7,425,750"
TimBessa,"11,130,115","10,915,500","13,056,500","22,482,500","15,053,450","12,360,096"
Twistedmizft,"1,158,708","3,126,900","2,467,500","685,558","1,738,800","3,195,750"
Tzilacatzin35,"8,663,950","7,915,875","8,961,125","37,143,466","7,297,425","4,138,438"
W4gn3R,"12,241,137","8,974,050","21,396,150","27,406,316","25,782,070","8,472,399"
WarriorPrincess,"8,453,745","7,509,100","5,239,700","24,976,406","8,773,300","4,740,150"
xlbuttcrack,"15,016,529","9,045,400","9,534,600","9,029,089","25,444,330","12,827,606"
xothroughbr3d,"7,658,827","7,982,710","7,258,400","16,130,178","8,840,305","5,285,370"
Stivler,,,,,,"9,349,736"