Username,Requested,Primary,Substitute,Participated
1Thành,FALSE,FALSE,FALSE,FALSE
A Aron 1,FALSE,FALSE,FALSE,FALSE
Alan Joshua,TRUE,TRUE,FALSE,FALSE
Alex Negan 88,TRUE,TRUE,FALSE,FALSE
Apocalypse37,FALSE,FALSE,FALSE,FALSE
B4D BOY,TRUE,FALSE,TRUE,FALSE
Bbarn,TRUE,FALSE,TRUE,FALSE
Bea trice,FALSE,FALSE,FALSE,FALSE
Bebe erik,TRUE,FALSE,TRUE,FALSE
Ben World,TRUE,FALSE,TRUE,FALSE
BETTONE,TRUE,TRUE,FALSE,FALSE
Big Dog Rip,TRUE,TRUE,FALSE,FALSE
Big Jerms,TRUE,TRUE,FALSE,FALSE
Bnk89,TRUE,FALSE,TRUE,FALSE
BridlingSpark94,TRUE,FALSE,FALSE,FALSE
Brightcobalion,FALSE,FALSE,FALSE,FALSE
Burtis,FALSE,FALSE,FALSE,FALSE
Caro144,TRUE,TRUE,FALSE,FALSE
CGsky,TRUE,FALSE,TRUE,FALSE
Cidesan,TRUE,TRUE,FALSE,FALSE
CLR1996,FALSE,FALSE,FALSE,FALSE
Corcor,TRUE,TRUE,FALSE,FALSE
Dan105,FALSE,FALSE,FALSE,FALSE
DangerHunter,TRUE,TRUE,FALSE,FALSE
DarwinBR,FALSE,FALSE,FALSE,FALSE
Don Haitham,FALSE,FALSE,FALSE,FALSE
Drop Kick Murp,FALSE,FALSE,FALSE,FALSE
EXTERMÎNADOR,FALSE,FALSE,FALSE,FALSE
FabianoSp2,TRUE,TRUE,FALSE,FALSE
fauxsee,FALSE,FALSE,FALSE,FALSE
Fralda Cheia,TRUE,TRUE,FALSE,FALSE
FSU 69,FALSE,FALSE,FALSE,FALSE
GeneralPukka,FALSE,FALSE,FALSE,FALSE
GMuhney,FALSE,FALSE,FALSE,FALSE
Guilherme DellaG,TRUE,TRUE,FALSE,FALSE
i M Crosss,FALSE,FALSE,FALSE,FALSE
IC Ranjani,TRUE,FALSE,FALSE,FALSE
IkkiMinami,TRUE,FALSE,FALSE,FALSE
Iriss7,FALSE,FALSE,FALSE,FALSE
JayGeee,FALSE,FALSE,FALSE,FALSE
Jim455,FALSE,FALSE,FALSE,FALSE
JoeySnacks,FALSE,FALSE,FALSE,FALSE
Juli,TRUE,FALSE,TRUE,FALSE
Kenny 45,TRUE,TRUE,FALSE,FALSE
King Banner,FALSE,FALSE,FALSE,FALSE
King of Ants,FALSE,FALSE,FALSE,FALSE
Laceyloulou,TRUE,TRUE,FALSE,FALSE
Le0thELAzyLi0NeSS,TRUE,TRUE,FALSE,FALSE
Livmas,FALSE,FALSE,FALSE,FALSE
LoveYouuu,FALSE,FALSE,FALSE,FALSE
Lt Col Get Some,FALSE,FALSE,FALSE,FALSE
luchador1,TRUE,FALSE,FALSE,FALSE
Lunitunn,FALSE,FALSE,FALSE,FALSE
Lwozin,FALSE,FALSE,FALSE,FALSE
Mack4477,FALSE,FALSE,FALSE,FALSE
MAD,TRUE,TRUE,FALSE,FALSE
Magnus2112,TRUE,TRUE,FALSE,FALSE
MARCIM,TRUE,TRUE,FALSE,FALSE
martu1991,TRUE,TRUE,FALSE,FALSE
MaWaLa,FALSE,FALSE,FALSE,FALSE
MFKN Donkey Leg,FALSE,FALSE,FALSE,FALSE
MFKNdansir68,TRUE,TRUE,FALSE,FALSE
Moderator Osborne,TRUE,TRUE,FALSE,FALSE
N03J13,TRUE,TRUE,FALSE,FALSE
Napaleta,FALSE,FALSE,FALSE,FALSE
OnlyLoveNoH,FALSE,FALSE,FALSE,FALSE
OnlyPanz,FALSE,FALSE,FALSE,FALSE
OoO Sia OoO,FALSE,FALSE,FALSE,FALSE
PerfectShadow,FALSE,FALSE,TRUE,FALSE
Platosletap,FALSE,FALSE,FALSE,FALSE
Queen NagEm,TRUE,TRUE,FALSE,FALSE
Ragnar0230,TRUE,TRUE,FALSE,FALSE
Raphael lele,TRUE,TRUE,FALSE,FALSE
Raven2k,TRUE,TRUE,FALSE,FALSE
Red Catfish,TRUE,FALSE,TRUE,FALSE
RickNm,TRUE,TRUE,FALSE,FALSE
Ruzic,FALSE,FALSE,FALSE,FALSE
SAIKANO,TRUE,FALSE,TRUE,FALSE
Sakura neko,FALSE,FALSE,FALSE,FALSE
Samuraistang,FALSE,FALSE,FALSE,FALSE
sedeug,TRUE,TRUE,FALSE,FALSE
Sekhmetmerti,TRUE,TRUE,FALSE,FALSE
Sezzzzzzzzz,FALSE,FALSE,FALSE,FALSE
shameless af,TRUE,FALSE,TRUE,FALSE
Shopee88,FALSE,FALSE,FALSE,FALSE
Small D Energy 25,TRUE,FALSE,TRUE,FALSE
SmithersMN,FALSE,FALSE,FALSE,FALSE
Soundingstone,FALSE,FALSE,FALSE,FALSE
Sr Reatas,TRUE,TRUE,FALSE,FALSE
Stivler,FALSE,FALSE,FALSE,FALSE
Swaggy lion,TRUE,FALSE,TRUE,FALSE
Swaggy Panda,TRUE,TRUE,FALSE,FALSE
TattedMechanism,FALSE,FALSE,FALSE,FALSE
The Booch,FALSE,FALSE,FALSE,FALSE
TimBessa,TRUE,TRUE,FALSE,FALSE
Twistedmizft,FALSE,FALSE,FALSE,FALSE
Tzilacatzin35,FALSE,FALSE,FALSE,FALSE
W4gn3R,TRUE,FALSE,TRUE,FALSE
WarriorPrincess,FALSE,FALSE,FALSE,FALSE
xlbuttcrack,FALSE,FALSE,FALSE,FALSE
xothroughbr3d,FALSE,FALSE,FALSE,FALSE